{"id": 0, "label": 7, "max_prob_tf": 0.9999997615814209, "max_prob_sklearn": 0.9948027195804962, "score_tf": 7, "score_sklearn": 7}
{"id": 1, "label": 2, "max_prob_tf": 0.9999996423721313, "max_prob_sklearn": 0.915697873016451, "score_tf": 2, "score_sklearn": 2}
{"id": 2, "label": 1, "max_prob_tf": 0.9999005794525146, "max_prob_sklearn": 0.9894556571904863, "score_tf": 1, "score_sklearn": 1}
{"id": 3, "label": 0, "max_prob_tf": 0.9999327659606934, "max_prob_sklearn": 0.9998506533574559, "score_tf": 0, "score_sklearn": 0}
{"id": 4, "label": 4, "max_prob_tf": 0.9997071623802185, "max_prob_sklearn": 0.9765288112353994, "score_tf": 4, "score_sklearn": 4}
{"id": 5, "label": 1, "max_prob_tf": 0.9999641180038452, "max_prob_sklearn": 0.9932618728962532, "score_tf": 1, "score_sklearn": 1}
{"id": 6, "label": 4, "max_prob_tf": 0.9998868703842163, "max_prob_sklearn": 0.9881505795800142, "score_tf": 4, "score_sklearn": 4}
{"id": 7, "label": 9, "max_prob_tf": 0.9685935378074646, "max_prob_sklearn": 0.9597037479681757, "score_tf": 9, "score_sklearn": 9}
{"id": 8, "label": 5, "max_prob_tf": 0.9956133365631104, "max_prob_sklearn": 0.8593810017810509, "score_tf": 5, "score_sklearn": 6}
{"id": 9, "label": 9, "max_prob_tf": 0.999242901802063, "max_prob_sklearn": 0.9695797348077522, "score_tf": 9, "score_sklearn": 9}
{"id": 10, "label": 0, "max_prob_tf": 0.9999995231628418, "max_prob_sklearn": 0.996571892222573, "score_tf": 0, "score_sklearn": 0}
{"id": 11, "label": 6, "max_prob_tf": 0.9998449087142944, "max_prob_sklearn": 0.9143502735124293, "score_tf": 6, "score_sklearn": 6}
{"id": 12, "label": 9, "max_prob_tf": 0.9999173879623413, "max_prob_sklearn": 0.9780655370584099, "score_tf": 9, "score_sklearn": 9}
{"id": 13, "label": 0, "max_prob_tf": 0.9999998807907104, "max_prob_sklearn": 0.9981347345165467, "score_tf": 0, "score_sklearn": 0}
{"id": 14, "label": 1, "max_prob_tf": 0.9999908208847046, "max_prob_sklearn": 0.9976522077743796, "score_tf": 1, "score_sklearn": 1}
{"id": 15, "label": 5, "max_prob_tf": 0.9995102882385254, "max_prob_sklearn": 0.9527975296514956, "score_tf": 5, "score_sklearn": 5}
{"id": 16, "label": 9, "max_prob_tf": 0.9996182918548584, "max_prob_sklearn": 0.9680116854759319, "score_tf": 9, "score_sklearn": 9}
{"id": 17, "label": 7, "max_prob_tf": 0.9999998807907104, "max_prob_sklearn": 0.9925780569891248, "score_tf": 7, "score_sklearn": 7}
{"id": 18, "label": 3, "max_prob_tf": 0.9124153256416321, "max_prob_sklearn": 0.7259390853799834, "score_tf": 3, "score_sklearn": 3}
{"id": 19, "label": 4, "max_prob_tf": 0.9999994039535522, "max_prob_sklearn": 0.9969174743676528, "score_tf": 4, "score_sklearn": 4}
{"id": 20, "label": 9, "max_prob_tf": 0.9980149269104004, "max_prob_sklearn": 0.9334398885610282, "score_tf": 9, "score_sklearn": 9}
{"id": 21, "label": 6, "max_prob_tf": 0.9985861778259277, "max_prob_sklearn": 0.9869495272354364, "score_tf": 6, "score_sklearn": 6}
{"id": 22, "label": 6, "max_prob_tf": 0.9999682903289795, "max_prob_sklearn": 0.9483273560762913, "score_tf": 6, "score_sklearn": 6}
{"id": 23, "label": 5, "max_prob_tf": 1.0, "max_prob_sklearn": 0.9834472171635829, "score_tf": 5, "score_sklearn": 5}
{"id": 24, "label": 4, "max_prob_tf": 0.9999583959579468, "max_prob_sklearn": 0.9257213915656585, "score_tf": 4, "score_sklearn": 4}
{"id": 25, "label": 0, "max_prob_tf": 0.9999979734420776, "max_prob_sklearn": 0.9999802042488315, "score_tf": 0, "score_sklearn": 0}
{"id": 26, "label": 7, "max_prob_tf": 0.9999876022338867, "max_prob_sklearn": 0.9852899428455864, "score_tf": 7, "score_sklearn": 7}
{"id": 27, "label": 4, "max_prob_tf": 0.9999992847442627, "max_prob_sklearn": 0.9966369479445023, "score_tf": 4, "score_sklearn": 4}
{"id": 28, "label": 0, "max_prob_tf": 0.9999942779541016, "max_prob_sklearn": 0.9998124305068931, "score_tf": 0, "score_sklearn": 0}
{"id": 29, "label": 1, "max_prob_tf": 0.9996476173400879, "max_prob_sklearn": 0.9880105618981005, "score_tf": 1, "score_sklearn": 1}
{"id": 30, "label": 3, "max_prob_tf": 0.9999998807907104, "max_prob_sklearn": 0.997653835469148, "score_tf": 3, "score_sklearn": 3}
{"id": 31, "label": 1, "max_prob_tf": 0.9980403780937195, "max_prob_sklearn": 0.9779100549883557, "score_tf": 1, "score_sklearn": 1}
{"id": 32, "label": 3, "max_prob_tf": 0.9999998807907104, "max_prob_sklearn": 0.9927102612071805, "score_tf": 3, "score_sklearn": 3}
{"id": 33, "label": 4, "max_prob_tf": 0.9975435137748718, "max_prob_sklearn": 0.3349826055525989, "score_tf": 4, "score_sklearn": 6}
{"id": 34, "label": 7, "max_prob_tf": 0.9999991655349731, "max_prob_sklearn": 0.9951979675883357, "score_tf": 7, "score_sklearn": 7}
{"id": 35, "label": 2, "max_prob_tf": 0.9999876022338867, "max_prob_sklearn": 0.9983542019683924, "score_tf": 2, "score_sklearn": 2}
{"id": 36, "label": 7, "max_prob_tf": 0.9999099969863892, "max_prob_sklearn": 0.979033553521878, "score_tf": 7, "score_sklearn": 7}
{"id": 37, "label": 1, "max_prob_tf": 0.9998143315315247, "max_prob_sklearn": 0.9956984971395123, "score_tf": 1, "score_sklearn": 1}
{"id": 38, "label": 2, "max_prob_tf": 0.9988731741905212, "max_prob_sklearn": 0.8103395354000499, "score_tf": 2, "score_sklearn": 2}
{"id": 39, "label": 1, "max_prob_tf": 0.9999747276306152, "max_prob_sklearn": 0.9938779267846249, "score_tf": 1, "score_sklearn": 1}
{"id": 40, "label": 1, "max_prob_tf": 0.9995738863945007, "max_prob_sklearn": 0.9747750812743866, "score_tf": 1, "score_sklearn": 1}
{"id": 41, "label": 7, "max_prob_tf": 0.9999948740005493, "max_prob_sklearn": 0.937884941739106, "score_tf": 7, "score_sklearn": 7}
{"id": 42, "label": 4, "max_prob_tf": 0.9999990463256836, "max_prob_sklearn": 0.9820723633092772, "score_tf": 4, "score_sklearn": 4}
{"id": 43, "label": 2, "max_prob_tf": 0.999434769153595, "max_prob_sklearn": 0.9149659746034231, "score_tf": 2, "score_sklearn": 2}
{"id": 44, "label": 3, "max_prob_tf": 0.9999951124191284, "max_prob_sklearn": 0.9578131247569357, "score_tf": 3, "score_sklearn": 3}
{"id": 45, "label": 5, "max_prob_tf": 0.9999812841415405, "max_prob_sklearn": 0.9679683313939763, "score_tf": 5, "score_sklearn": 5}
{"id": 46, "label": 1, "max_prob_tf": 0.9994379878044128, "max_prob_sklearn": 0.9193078856635652, "score_tf": 1, "score_sklearn": 1}
{"id": 47, "label": 2, "max_prob_tf": 0.9999997615814209, "max_prob_sklearn": 0.9741409732814036, "score_tf": 2, "score_sklearn": 2}
{"id": 48, "label": 4, "max_prob_tf": 0.9999998807907104, "max_prob_sklearn": 0.9914010435282434, "score_tf": 4, "score_sklearn": 4}
{"id": 49, "label": 4, "max_prob_tf": 0.9996967315673828, "max_prob_sklearn": 0.9967783574714453, "score_tf": 4, "score_sklearn": 4}
{"id": 50, "label": 6, "max_prob_tf": 0.9999368190765381, "max_prob_sklearn": 0.9958292277483018, "score_tf": 6, "score_sklearn": 6}
{"id": 51, "label": 3, "max_prob_tf": 0.9999933242797852, "max_prob_sklearn": 0.9974954751263808, "score_tf": 3, "score_sklearn": 3}
{"id": 52, "label": 5, "max_prob_tf": 0.9999995231628418, "max_prob_sklearn": 0.9853451305499651, "score_tf": 5, "score_sklearn": 5}
{"id": 53, "label": 5, "max_prob_tf": 0.9998693466186523, "max_prob_sklearn": 0.9684860183744465, "score_tf": 5, "score_sklearn": 5}
{"id": 54, "label": 6, "max_prob_tf": 0.9999880790710449, "max_prob_sklearn": 0.9716688981565264, "score_tf": 6, "score_sklearn": 6}
{"id": 55, "label": 0, "max_prob_tf": 0.9999871253967285, "max_prob_sklearn": 0.9909066085402196, "score_tf": 0, "score_sklearn": 0}
{"id": 56, "label": 4, "max_prob_tf": 0.9999998807907104, "max_prob_sklearn": 0.9989978273166298, "score_tf": 4, "score_sklearn": 4}
{"id": 57, "label": 1, "max_prob_tf": 0.999911904335022, "max_prob_sklearn": 0.9842798984565663, "score_tf": 1, "score_sklearn": 1}
{"id": 58, "label": 9, "max_prob_tf": 0.9997730851173401, "max_prob_sklearn": 0.9823961201929174, "score_tf": 9, "score_sklearn": 9}
{"id": 59, "label": 5, "max_prob_tf": 0.9993857145309448, "max_prob_sklearn": 0.9519767443807059, "score_tf": 5, "score_sklearn": 5}
{"id": 60, "label": 7, "max_prob_tf": 1.0,